{
  "hash": "91b49459",
  "configHash": "d545f40b",
  "lockfileHash": "211e7b29",
  "browserHash": "41b68e1e",
  "optimized": {
    "@angular/common": {
      "src": "../../../../../../node_modules/@angular/common/fesm2022/common.mjs",
      "file": "@angular_common.js",
      "fileHash": "08384164",
      "needsInterop": false
    },
    "@angular/common/http": {
      "src": "../../../../../../node_modules/@angular/common/fesm2022/http.mjs",
      "file": "@angular_common_http.js",
      "fileHash": "641ab6ce",
      "needsInterop": false
    },
    "@angular/core": {
      "src": "../../../../../../node_modules/@angular/core/fesm2022/core.mjs",
      "file": "@angular_core.js",
      "fileHash": "f05748ef",
      "needsInterop": false
    },
    "@angular/forms": {
      "src": "../../../../../../node_modules/@angular/forms/fesm2022/forms.mjs",
      "file": "@angular_forms.js",
      "fileHash": "8cb66f3a",
      "needsInterop": false
    },
    "@angular/platform-browser": {
      "src": "../../../../../../node_modules/@angular/platform-browser/fesm2022/platform-browser.mjs",
      "file": "@angular_platform-browser.js",
      "fileHash": "c832a0e0",
      "needsInterop": false
    },
    "@angular/router": {
      "src": "../../../../../../node_modules/@angular/router/fesm2022/router.mjs",
      "file": "@angular_router.js",
      "fileHash": "1f1a2435",
      "needsInterop": false
    },
    "aos": {
      "src": "../../../../../../node_modules/aos/dist/aos.js",
      "file": "aos.js",
      "fileHash": "ab7578c8",
      "needsInterop": true
    }
  },
  "chunks": {
    "chunk-4NDLA5J2": {
      "file": "chunk-4NDLA5J2.js"
    },
    "chunk-Q5K3GBNR": {
      "file": "chunk-Q5K3GBNR.js"
    },
    "chunk-7U6UYFMU": {
      "file": "chunk-7U6UYFMU.js"
    },
    "chunk-VIXXOLXF": {
      "file": "chunk-VIXXOLXF.js"
    },
    "chunk-3OV72XIM": {
      "file": "chunk-3OV72XIM.js"
    }
  }
}